"number","author","title"
"35168","ragansa","crypto/rsa: correct the RIPEMD160 hash prefix per RFC 4880"
"35141","proggga","cmd/fix, cmd/go, cmd/gofmt: refactor common code into new internal diff package"
"35132","vivekv96","debug/dwarf: call strings.EqualFold instead of calling Lower twice"
"35126","meme","cmd/link: fix nil dereference"
"35110","im-kulikov","crypto/elliptic: implement unmarshal for compressed format"
"35077","evalevanto","crypto/x509: applied go fmt to verify.go"
"35040","lemmerelassal","encoding/binary: removal of unnecessary boundary checks."
"35038","0delta0","Add Getline in fmt"
"35017","kindermoumoute","text/tabwriter: add ANSI Graphics Rendition format"
"34995","amwolff","bytes, strings: make Title treat Unicode punctuation as separators"
